{"train": [58.92241668701172, 62.7370719909668, 71.89655303955078, 86.875, 91.91810607910156, 93.49137878417969, 95.04310607910156, 96.25, 97.5, 97.7801742553711], "test": [59.05172348022461, 62.32758712768555, 71.89655303955078, 84.6551742553711, 87.93103790283203, 88.53447723388672, 90.17241668701172, 89.6551742553711, 91.37931060791016, 91.03448486328125]}